iterations,100
objective,331.101
1.0000,1.0000,1.0000,1.0000,1.0000,1.0000,1.0000,1.0000,1.0000,1.0000,1.0000,1.0000,1.0000,1.0000,1.0000,1.0000,1.0000,1.0000,1.0000,1.0000,1.0000,1.0000,1.0000,1.0000,1.0000,1.0000,1.0000,1.0000,1.0000,1.0000,1.0000,1.0000,1.0000,1.0000,1.0000,1.0000,1.0000,1.0000,1.0000,1.0000,1.0000,1.0000,1.0000,0.8424,0.3591,0.1249,0.0168,0.0000,0.0000,0.0000,0.0000,0.0000,0.0000,0.0000,0.0000,0.0000,0.0000,0.0000,0.0000,0.0000
1.0000,1.0000,1.0000,1.0000,1.0000,0.9778,0.8482,0.8254,0.8253,0.8253,0.8253,0.8253,0.8253,0.8253,0.8253,0.8253,0.8253,0.8253,0.8253,0.8253,0.8253,0.8253,0.8253,0.8255,0.8262,0.8290,0.8365,0.8482,0.8587,0.8663,0.8723,0.8775,0.8821,0.8862,0.8907,0.8971,0.9060,0.9343,0.9420,0.9373,0.9733,0.9970,1.0000,0.9777,0.7982,0.5312,0.1409,0.0065,0.0000,0.0000,0.0000,0.0000,0.0000,0.0000,0.0000,0.0000,0.0000,0.0000,0.0000,0.0000
0.8153,0.8464,0.9707,0.9988,1.0000,0.8699,0.4557,0.1971,0.1747,0.1747,0.1747,0.1747,0.1747,0.1747,0.1747,0.1747,0.1747,0.1747,0.1747,0.1748,0.1748,0.1748,0.1750,0.1758,0.1789,0.1902,0.2179,0.2596,0.2984,0.3271,0.3497,0.3691,0.3862,0.4018,0.4193,0.4414,0.4837,0.5849,0.6959,0.7732,0.8943,0.9823,0.9879,0.9297,0.9795,0.8360,0.4107,0.0652,0.0009,0.0000,0.0000,0.0000,0.0000,0.0000,0.0000,0.0000,0.0000,0.0000,0.0000,0.0000
0.1847,0.2979,0.6842,0.8984,0.9876,0.9745,0.7083,0.2794,0.0223,0.0000,0.0000,0.0000,0.0000,0.0000,0.0000,0.0000,0.0000,0.0000,0.0000,0.0000,0.0000,0.0000,0.0001,0.0003,0.0010,0.0038,0.0112,0.0229,0.0335,0.0410,0.0471,0.0522,0.0568,0.0610,0.0655,0.0718,0.1013,0.3210,0.6300,0.8773,0.9733,0.9746,0.7772,0.6143,0.7772,0.9618,0.7604,0.3044,0.0278,0.0001,0.0000,0.0000,0.0000,0.0000,0.0000,0.0000,0.0000,0.0000,0.0000,0.0000
0.0000,0.0211,0.2032,0.4804,0.7960,0.9807,0.9744,0.7169,0.2825,0.0223,0.0000,0.0000,0.0000,0.0000,0.0000,0.0000,0.0000,0.0000,0.0000,0.0000,0.0000,0.0000,0.0000,0.0000,0.0000,0.0000,0.0000,0.0000,0.0000,0.0000,0.0000,0.0000,0.0000,0.0000,0.0000,0.0223,0.2720,0.6755,0.9070,0.9747,0.8905,0.7025,0.2928,0.1044,0.2928,0.7175,0.9562,0.7230,0.2846,0.0227,0.0000,0.0000,0.0000,0.0000,0.0000,0.0000,0.0000,0.0000,0.0000,0.0000
0.0000,0.0000,0.0099,0.1008,0.3547,0.7382,0.9777,0.9777,0.7175,0.2937,0.0873,0.0111,0.0000,0.0000,0.0000,0.0000,0.0000,0.0000,0.0000,0.0000,0.0000,0.0000,0.0000,0.0000,0.0000,0.0000,0.0000,0.0000,0.0000,0.0000,0.0000,0.0000,0.0000,0.0000,0.0223,0.2825,0.7157,0.9671,0.9759,0.7604,0.4336,0.1954,0.0223,0.0000,0.0223,0.2825,0.7175,0.9554,0.7179,0.2826,0.0223,0.0000,0.0000,0.0000,0.0000,0.0000,0.0000,0.0000,0.0000,0.0000
0.0000,0.0000,0.0000,0.0036,0.0431,0.2861,0.7130,0.9518,0.9732,0.7825,0.4985,0.2097,0.0210,0.0000,0.0000,0.0000,0.0000,0.0000,0.0000,0.0000,0.0000,0.0000,0.0000,0.0000,0.0000,0.0000,0.0000,0.0000,0.0000,0.0000,0.0000,0.0000,0.0000,0.0225,0.2826,0.7175,0.9777,0.9777,0.7175,0.2899,0.0652,0.0074,0.0000,0.0000,0.0000,0.0223,0.2825,0.7175,0.9554,0.7175,0.2825,0.0223,0.0000,0.0000,0.0000,0.0000,0.0000,0.0000,0.0000,0.0000
0.0000,0.0000,0.0000,0.0000,0.0000,0.0223,0.2566,0.6261,0.8724,0.9752,0.9049,0.6833,0.2749,0.0223,0.0000,0.0000,0.0000,0.0000,0.0000,0.0000,0.0000,0.0000,0.0000,0.0000,0.0000,0.0000,0.0000,0.0000,0.0000,0.0000,0.0000,0.0007,0.0266,0.2838,0.7177,0.9740,0.9565,0.7138,0.2825,0.0223,0.0000,0.0000,0.0000,0.0000,0.0000,0.0000,0.0223,0.2826,0.7179,0.9554,0.7175,0.2825,0.0223,0.0000,0.0000,0.0000,0.0000,0.0000,0.0000,0.0000
0.0000,0.0000,0.0000,0.0000,0.0000,0.0000,0.0179,0.1773,0.4530,0.7705,0.9768,0.9700,0.7162,0.2825,0.0223,0.0000,0.0000,0.0000,0.0000,0.0000,0.0000,0.0000,0.0000,0.0000,0.0000,0.0000,0.0000,0.0000,0.0000,0.0000,0.0052,0.0569,0.3001,0.7218,0.9719,0.9224,0.6480,0.2613,0.0223,0.0000,0.0000,0.0000,0.0000,0.0000,0.0000,0.0000,0.0000,0.0228,0.2858,0.7296,0.9574,0.7175,0.2825,0.0223,0.0000,0.0000,0.0000,0.0000,0.0000,0.0000
0.0000,0.0000,0.0000,0.0000,0.0000,0.0000,0.0000,0.0087,0.0754,0.2981,0.7198,0.9777,0.9777,0.7175,0.2973,0.1080,0.0147,0.0000,0.0000,0.0000,0.0000,0.0000,0.0000,0.0000,0.0000,0.0000,0.0000,0.0000,0.0000,0.0119,0.1223,0.3865,0.7520,0.9563,0.8147,0.5894,0.2272,0.0187,0.0000,0.0000,0.0000,0.0000,0.0000,0.0000,0.0000,0.0000,0.0000,0.0001,0.0344,0.3315,0.8102,0.9693,0.7175,0.2825,0.0223,0.0000,0.0000,0.0000,0.0000,0.0000
0.0000,0.0000,0.0000,0.0000,0.0000,0.0000,0.0000,0.0000,0.0004,0.0246,0.2829,0.7098,0.9332,0.9700,0.8031,0.5617,0.2381,0.0223,0.0000,0.0000,0.0000,0.0000,0.0000,0.0000,0.0000,0.0000,0.0000,0.0000,0.0172,0.1919,0.5134,0.8174,0.9606,0.7186,0.3025,0.1195,0.0165,0.0000,0.0000,0.0000,0.0000,0.0000,0.0000,0.0000,0.0000,0.0000,0.0000,0.0000,0.0020,0.1150,0.5464,0.9082,0.9742,0.7166,0.2772,0.0214,0.0000,0.0000,0.0000,0.0000
0.0000,0.0000,0.0000,0.0000,0.0000,0.0000,0.0000,0.0000,0.0000,0.0000,0.0223,0.2380,0.5678,0.8393,0.9763,0.9332,0.7098,0.2825,0.0223,0.0000,0.0000,0.0000,0.0000,0.0000,0.0000,0.0000,0.0000,0.0223,0.2525,0.6170,0.8870,0.9673,0.7175,0.2827,0.0235,0.0002,0.0000,0.0000,0.0000,0.0000,0.0000,0.0000,0.0000,0.0000,0.0000,0.0000,0.0000,0.0000,0.0000,0.0139,0.2131,0.6460,0.9458,0.9704,0.6984,0.2596,0.0193,0.0000,0.0000,0.0000
0.0000,0.0000,0.0000,0.0000,0.0000,0.0000,0.0000,0.0000,0.0000,0.0000,0.0000,0.0147,0.1442,0.4061,0.7540,0.9777,0.9777,0.7175,0.3046,0.1512,0.0221,0.0000,0.0000,0.0000,0.0000,0.0000,0.0223,0.2825,0.7123,0.9476,0.9725,0.7175,0.2825,0.0223,0.0000,0.0000,0.0000,0.0000,0.0000,0.0000,0.0000,0.0000,0.0000,0.0000,0.0000,0.0000,0.0000,0.0000,0.0000,0.0000,0.0188,0.2506,0.6795,0.9653,0.9547,0.6587,0.2355,0.0173,0.0000,0.0000
0.0000,0.0000,0.0000,0.0000,0.0000,0.0000,0.0000,0.0000,0.0000,0.0000,0.0000,0.0000,0.0062,0.0588,0.2893,0.7177,0.9777,0.9777,0.8463,0.6914,0.2899,0.0727,0.0086,0.0000,0.0002,0.0235,0.2827,0.7175,0.9777,0.9777,0.7175,0.2825,0.0223,0.0000,0.0000,0.0000,0.0000,0.0000,0.0000,0.0000,0.0000,0.0000,0.0000,0.0000,0.0000,0.0000,0.0000,0.0000,0.0000,0.0000,0.0000,0.0203,0.2710,0.7155,0.9747,0.9306,0.6170,0.2002,0.0133,0.0000
0.0000,0.0000,0.0000,0.0000,0.0000,0.0000,0.0000,0.0000,0.0000,0.0000,0.0000,0.0000,0.0000,0.0000,0.0225,0.2826,0.7107,0.9384,0.9930,0.9764,0.7677,0.4560,0.2028,0.0274,0.0530,0.2910,0.7186,0.9759,0.9675,0.7157,0.2825,0.0223,0.0000,0.0000,0.0000,0.0000,0.0000,0.0000,0.0000,0.0000,0.0000,0.0000,0.0000,0.0000,0.0000,0.0000,0.0000,0.0000,0.0000,0.0000,0.0000,0.0000,0.0279,0.3152,0.7296,0.9738,0.8954,0.5410,0.1545,0.0114
0.0000,0.0000,0.0000,0.0000,0.0000,0.0000,0.0000,0.0000,0.0000,0.0000,0.0000,0.0000,0.0000,0.0000,0.0000,0.0224,0.2597,0.6867,0.8994,0.9166,0.9673,0.8969,0.7038,0.3344,0.3937,0.7481,0.9744,0.9475,0.6835,0.2723,0.0223,0.0000,0.0000,0.0000,0.0000,0.0000,0.0000,0.0000,0.0000,0.0000,0.0000,0.0000,0.0000,0.0000,0.0000,0.0000,0.0000,0.0000,0.0000,0.0005,0.0062,0.0236,0.0664,0.1295,0.3341,0.7241,0.9686,0.8496,0.4613,0.0991
0.1847,0.1747,0.1747,0.1747,0.1747,0.1747,0.1747,0.1747,0.1747,0.1747,0.1747,0.1747,0.1747,0.1747,0.1747,0.1751,0.2856,0.6588,0.7555,0.7263,0.9063,0.9938,0.9777,0.8526,0.8771,0.9647,0.8524,0.6377,0.2524,0.0206,0.0000,0.0000,0.0000,0.0000,0.0000,0.0000,0.0000,0.0000,0.0000,0.0000,0.0000,0.0000,0.0000,0.0000,0.0000,0.0000,0.0000,0.0000,0.0015,0.0121,0.0338,0.0879,0.1174,0.0655,0.0349,0.2837,0.7175,0.9648,0.7769,0.3702
0.8153,0.8253,0.8253,0.8253,0.8253,0.8253,0.8253,0.8253,0.8253,0.8253,0.8253,0.8253,0.8253,0.8253,0.8253,0.8253,0.8418,0.9346,0.9387,0.9166,0.9809,0.9989,1.0000,1.0000,1.0000,0.8902,0.5156,0.2692,0.1325,0.1167,0.1153,0.1188,0.1208,0.1231,0.1254,0.1276,0.1297,0.1319,0.1340,0.1361,0.1382,0.1402,0.1422,0.1442,0.1462,0.1483,0.1495,0.1517,0.1669,0.1708,0.1943,0.1761,0.1963,0.1513,0.1641,0.1815,0.3961,0.8337,0.9739,0.8478
1.0000,1.0000,1.0000,1.0000,1.0000,1.0000,1.0000,1.0000,1.0000,1.0000,1.0000,1.0000,1.0000,1.0000,1.0000,1.0000,1.0000,1.0000,1.0000,1.0000,1.0000,1.0000,1.0000,1.0000,1.0000,0.9556,0.7427,0.6063,0.5967,0.6074,0.6063,0.6160,0.6246,0.6329,0.6414,0.6496,0.6577,0.6657,0.6736,0.6814,0.6891,0.6967,0.7042,0.7115,0.7192,0.7266,0.7310,0.7433,0.7537,0.7293,0.7716,0.7420,0.7605,0.7333,0.7771,0.7491,0.6487,0.8421,0.9734,1.0000
1.0000,1.0000,1.0000,1.0000,1.0000,1.0000,1.0000,1.0000,1.0000,1.0000,1.0000,1.0000,1.0000,1.0000,1.0000,1.0000,1.0000,1.0000,1.0000,1.0000,1.0000,1.0000,1.0000,1.0000,1.0000,0.9945,0.9575,0.9238,0.9259,0.9297,0.9280,0.9322,0.9346,0.9374,0.9402,0.9428,0.9455,0.9481,0.9506,0.9532,0.9557,0.9582,0.9606,0.9630,0.9655,0.9680,0.9694,0.9720,0.9805,0.9592,0.9872,0.9668,0.9845,0.9645,0.9870,0.9812,0.9259,0.9562,0.9945,1.0000
