iterations,86
objective,397.331
1.0000,1.0000,1.0000,1.0000,1.0000,1.0000,1.0000,1.0000,1.0000,1.0000,1.0000,1.0000,1.0000,1.0000,1.0000,1.0000,1.0000,1.0000,1.0000,1.0000,1.0000,1.0000,1.0000,1.0000,1.0000,1.0000,1.0000,1.0000,1.0000,1.0000,1.0000,1.0000,1.0000,1.0000,1.0000,1.0000,1.0000,1.0000,1.0000,1.0000,1.0000,1.0000,1.0000,0.8423,0.3425,0.0277,0.0001,0.0000,0.0000,0.0000,0.0000,0.0000,0.0000,0.0000,0.0000,0.0000,0.0000,0.0000,0.0000,0.0000
0.8423,0.9777,1.0000,1.0000,0.9789,0.8549,0.8265,0.8253,0.8253,0.8253,0.8253,0.8253,0.8253,0.8253,0.8253,0.8253,0.8253,0.8253,0.8253,0.8253,0.8253,0.8253,0.8253,0.8253,0.8253,0.8253,0.8253,0.8253,0.8253,0.8253,0.8253,0.8253,0.8253,0.8253,0.8253,0.8253,0.8253,0.8295,0.8588,0.9047,0.9706,0.9971,1.0000,0.9777,0.7180,0.2841,0.0229,0.0000,0.0000,0.0000,0.0000,0.0000,0.0000,0.0000,0.0000,0.0000,0.0000,0.0000,0.0000,0.0000
0.3423,0.6956,0.8503,0.9781,0.8773,0.4796,0.2056,0.1749,0.1747,0.1747,0.1747,0.1747,0.1747,0.1747,0.1747,0.1747,0.1747,0.1747,0.1747,0.1747,0.1747,0.1747,0.1747,0.1747,0.1747,0.1747,0.1747,0.1747,0.1747,0.1747,0.1747,0.1747,0.1747,0.1747,0.1747,0.1747,0.1749,0.2159,0.4225,0.6489,0.8757,0.9702,0.9012,0.8568,0.9554,0.7180,0.2827,0.0223,0.0000,0.0000,0.0000,0.0000,0.0000,0.0000,0.0000,0.0000,0.0000,0.0000,0.0000,0.0000
0.0270,0.1551,0.3130,0.7202,0.9566,0.7260,0.2971,0.0811,0.0099,0.0000,0.0000,0.0000,0.0000,0.0000,0.0000,0.0000,0.0000,0.0000,0.0000,0.0000,0.0000,0.0000,0.0000,0.0000,0.0000,0.0000,0.0000,0.0000,0.0000,0.0000,0.0000,0.0000,0.0000,0.0000,0.0000,0.0000,0.0223,0.2543,0.6313,0.8722,0.9484,0.7689,0.4657,0.3584,0.7175,0.9554,0.7175,0.2825,0.0223,0.0000,0.0000,0.0000,0.0000,0.0000,0.0000,0.0000,0.0000,0.0000,0.0000,0.0000
0.0000,0.0005,0.0250,0.2830,0.7175,0.9556,0.7763,0.4719,0.1743,0.0162,0.0000,0.0000,0.0000,0.0000,0.0000,0.0000,0.0000,0.0000,0.0000,0.0000,0.0000,0.0000,0.0000,0.0000,0.0000,0.0000,0.0000,0.0000,0.0000,0.0000,0.0000,0.0000,0.0000,0.0000,0.0000,0.0223,0.2825,0.7119,0.9392,0.9372,0.7122,0.2938,0.0766,0.0315,0.2825,0.7175,0.9554,0.7175,0.2825,0.0223,0.0000,0.0000,0.0000,0.0000,0.0000,0.0000,0.0000,0.0000,0.0000,0.0000
0.0000,0.0000,0.0000,0.0223,0.2825,0.7175,0.9653,0.8694,0.5976,0.2467,0.0223,0.0000,0.0000,0.0000,0.0000,0.0000,0.0000,0.0000,0.0000,0.0000,0.0000,0.0000,0.0000,0.0000,0.0000,0.0000,0.0000,0.0000,0.0000,0.0000,0.0000,0.0000,0.0000,0.0000,0.0223,0.2825,0.7175,0.9637,0.8613,0.5988,0.2477,0.0230,0.0001,0.0000,0.0223,0.2825,0.7175,0.9554,0.7151,0.2687,0.0199,0.0000,0.0000,0.0000,0.0000,0.0000,0.0000,0.0000,0.0000,0.0000
0.0000,0.0000,0.0000,0.0000,0.0223,0.2825,0.7110,0.9340,0.9354,0.7113,0.2825,0.0223,0.0000,0.0000,0.0000,0.0000,0.0000,0.0000,0.0000,0.0000,0.0000,0.0000,0.0000,0.0000,0.0000,0.0000,0.0000,0.0000,0.0000,0.0000,0.0000,0.0000,0.0090,0.0749,0.2915,0.7175,0.9557,0.7680,0.4452,0.1662,0.0163,0.0000,0.0000,0.0000,0.0000,0.0223,0.2825,0.7176,0.9415,0.6706,0.2378,0.0170,0.0000,0.0000,0.0000,0.0000,0.0000,0.0000,0.0000,0.0000
0.0000,0.0000,0.0000,0.0000,0.0000,0.0223,0.2450,0.5926,0.8680,0.9653,0.7175,0.2825,0.0223,0.0000,0.0000,0.0000,0.0000,0.0000,0.0000,0.0000,0.0000,0.0000,0.0000,0.0000,0.0000,0.0000,0.0000,0.0000,0.0000,0.0000,0.0000,0.0155,0.1654,0.4557,0.7700,0.9554,0.7193,0.2964,0.0728,0.0084,0.0000,0.0000,0.0000,0.0000,0.0000,0.0000,0.0224,0.2893,0.7530,0.9171,0.6144,0.2042,0.0142,0.0000,0.0000,0.0000,0.0000,0.0000,0.0000,0.0000
0.0000,0.0000,0.0000,0.0000,0.0000,0.0000,0.0159,0.1729,0.4734,0.7815,0.9564,0.7175,0.2826,0.0225,0.0000,0.0000,0.0000,0.0000,0.0000,0.0000,0.0000,0.0000,0.0000,0.0000,0.0000,0.0000,0.0000,0.0000,0.0000,0.0000,0.0216,0.2385,0.5846,0.8605,0.9644,0.7175,0.2828,0.0242,0.0003,0.0000,0.0000,0.0000,0.0000,0.0000,0.0000,0.0000,0.0000,0.0602,0.4066,0.8125,0.8878,0.5585,0.1687,0.0109,0.0000,0.0000,0.0000,0.0000,0.0000,0.0000
0.0000,0.0000,0.0000,0.0000,0.0000,0.0000,0.0000,0.0099,0.0863,0.3106,0.7235,0.9554,0.7176,0.3017,0.1314,0.0187,0.0000,0.0000,0.0000,0.0000,0.0000,0.0000,0.0000,0.0000,0.0000,0.0000,0.0000,0.0000,0.0000,0.0223,0.2780,0.6972,0.9276,0.9361,0.7115,0.2825,0.0223,0.0000,0.0000,0.0000,0.0000,0.0000,0.0000,0.0000,0.0000,0.0000,0.0000,0.0065,0.1227,0.4905,0.8520,0.8553,0.4952,0.1290,0.0074,0.0000,0.0000,0.0000,0.0000,0.0000
0.0000,0.0000,0.0000,0.0000,0.0000,0.0000,0.0000,0.0000,0.0010,0.0284,0.2836,0.7175,0.9554,0.8266,0.6308,0.2563,0.0215,0.0000,0.0000,0.0000,0.0000,0.0000,0.0000,0.0000,0.0000,0.0000,0.0000,0.0000,0.0223,0.2825,0.7167,0.9620,0.8768,0.6019,0.2477,0.0223,0.0000,0.0000,0.0000,0.0000,0.0000,0.0000,0.0000,0.0000,0.0000,0.0000,0.0000,0.0000,0.0107,0.1650,0.5504,0.8843,0.8186,0.4243,0.0773,0.0021,0.0000,0.0000,0.0000,0.0000
0.0000,0.0000,0.0000,0.0000,0.0000,0.0000,0.0000,0.0000,0.0000,0.0000,0.0223,0.2825,0.7117,0.9407,0.9458,0.6988,0.2775,0.0223,0.0000,0.0000,0.0000,0.0000,0.0000,0.0000,0.0000,0.0000,0.0012,0.0294,0.2837,0.7175,0.9564,0.7886,0.4943,0.1824,0.0164,0.0000,0.0000,0.0000,0.0000,0.0000,0.0000,0.0000,0.0000,0.0000,0.0000,0.0000,0.0000,0.0000,0.0000,0.0137,0.2005,0.6100,0.9141,0.7696,0.3260,0.0345,0.0000,0.0000,0.0000,0.0000
0.0000,0.0000,0.0000,0.0000,0.0000,0.0000,0.0000,0.0000,0.0000,0.0000,0.0000,0.0223,0.2491,0.6055,0.8744,0.9608,0.7166,0.2825,0.0223,0.0000,0.0000,0.0000,0.0000,0.0000,0.0000,0.0157,0.1208,0.3194,0.7246,0.9554,0.7238,0.3127,0.0935,0.0111,0.0000,0.0000,0.0000,0.0000,0.0000,0.0000,0.0000,0.0000,0.0000,0.0000,0.0000,0.0000,0.0000,0.0000,0.0000,0.0000,0.0168,0.2339,0.6622,0.9408,0.7297,0.2851,0.0225,0.0000,0.0000,0.0000
0.0000,0.0000,0.0000,0.0000,0.0000,0.0000,0.0000,0.0000,0.0000,0.0000,0.0000,0.0000,0.0166,0.1801,0.4841,0.7892,0.9572,0.7175,0.2956,0.0985,0.0131,0.0000,0.0000,0.0000,0.0191,0.2251,0.5772,0.8160,0.9566,0.7175,0.2836,0.0287,0.0011,0.0000,0.0000,0.0000,0.0000,0.0000,0.0000,0.0000,0.0000,0.0000,0.0000,0.0000,0.0000,0.0000,0.0000,0.0000,0.0000,0.0000,0.0000,0.0195,0.2659,0.7146,0.9554,0.7177,0.2826,0.0223,0.0000,0.0000
0.0000,0.0000,0.0000,0.0000,0.0000,0.0000,0.0000,0.0000,0.0000,0.0000,0.0000,0.0000,0.0000,0.0105,0.0941,0.3252,0.7285,0.9554,0.7936,0.5333,0.2286,0.0223,0.0000,0.0223,0.2638,0.6547,0.9163,0.9477,0.7135,0.2825,0.0223,0.0000,0.0000,0.0000,0.0000,0.0000,0.0000,0.0000,0.0000,0.0000,0.0000,0.0000,0.0000,0.0000,0.0000,0.0000,0.0000,0.0000,0.0000,0.0000,0.0000,0.0000,0.0223,0.2825,0.7175,0.9554,0.7175,0.2825,0.0223,0.0000
0.0000,0.0000,0.0000,0.0000,0.0000,0.0000,0.0000,0.0000,0.0000,0.0000,0.0000,0.0000,0.0000,0.0000,0.0018,0.0334,0.2854,0.7127,0.9375,0.9184,0.7082,0.2857,0.0633,0.2857,0.7143,0.9502,0.9000,0.6387,0.2592,0.0223,0.0000,0.0000,0.0000,0.0000,0.0000,0.0000,0.0000,0.0000,0.0000,0.0000,0.0000,0.0000,0.0000,0.0000,0.0000,0.0000,0.0000,0.0000,0.0000,0.0000,0.0000,0.0000,0.0000,0.0223,0.2825,0.7175,0.9554,0.7173,0.2814,0.0268
0.1847,0.1747,0.1747,0.1747,0.1747,0.1747,0.1747,0.1747,0.1747,0.1747,0.1747,0.1747,0.1747,0.1747,0.1747,0.1748,0.1977,0.4271,0.7771,0.9690,0.9777,0.7362,0.4910,0.7362,0.9581,0.8122,0.5406,0.2081,0.0183,0.0000,0.0000,0.0000,0.0000,0.0000,0.0000,0.0000,0.0000,0.0000,0.0000,0.0000,0.0000,0.0000,0.0000,0.0000,0.0000,0.0000,0.0000,0.0000,0.0000,0.0000,0.0000,0.0000,0.0000,0.0000,0.0223,0.2829,0.7195,0.9546,0.7116,0.3231
0.8153,0.8253,0.8253,0.8253,0.8253,0.8253,0.8253,0.8253,0.8253,0.8253,0.8253,0.8253,0.8253,0.8253,0.8253,0.8253,0.8253,0.8425,0.9467,0.9947,1.0000,0.9809,0.8886,0.9713,0.8095,0.3697,0.1254,0.0198,0.0059,0.0058,0.0058,0.0061,0.0065,0.0071,0.0078,0.0085,0.0092,0.0099,0.0106,0.0111,0.0117,0.0122,0.0127,0.0132,0.0138,0.0143,0.0148,0.0154,0.0160,0.0166,0.0172,0.0181,0.0192,0.0212,0.0247,0.0570,0.3425,0.7822,0.9491,0.7885
1.0000,1.0000,1.0000,1.0000,1.0000,1.0000,1.0000,1.0000,1.0000,1.0000,1.0000,1.0000,1.0000,1.0000,1.0000,1.0000,1.0000,1.0000,1.0000,1.0000,1.0000,1.0000,1.0000,0.9440,0.6950,0.3304,0.2108,0.1982,0.1969,0.1963,0.1965,0.1975,0.1991,0.2012,0.2037,0.2064,0.2091,0.2117,0.2140,0.2162,0.2182,0.2202,0.2221,0.2241,0.2260,0.2279,0.2300,0.2320,0.2341,0.2364,0.2390,0.2421,0.2465,0.2541,0.2674,0.3012,0.3985,0.6659,0.9234,0.9821
1.0000,1.0000,1.0000,1.0000,1.0000,1.0000,1.0000,1.0000,1.0000,1.0000,1.0000,1.0000,1.0000,1.0000,1.0000,1.0000,1.0000,1.0000,1.0000,1.0000,1.0000,1.0000,1.0000,0.9884,0.9077,0.8202,0.7983,0.7958,0.7955,0.7953,0.7953,0.7956,0.7962,0.7968,0.7977,0.7985,0.7994,0.8003,0.8010,0.8018,0.8024,0.8031,0.8037,0.8043,0.8049,0.8056,0.8062,0.8069,0.8076,0.8083,0.8092,0.8101,0.8116,0.8139,0.8182,0.8278,0.8534,0.8915,0.9846,1.0000
