param_key,volfrac
base_value,0.3
gap,+0.05
max_abs,12.8095
nely_nelx,20x60
0,0,0,0,0,0,0,0,0,0,0,0,0,0,0,0,0,0,0,0,0,0,0,0,0,0,0,0,0,0,0,0,0,0,0,0,0,0,0,0,0,0,0,5.82521e-05,0.333686,1.94391,0.333512,-3.24367e-31,-1.29888e-77,1.67053e-153,5.99087e-295,0,0,0,0,0,0,0,0,0
3.15301,0.446438,0,0,0.421166,2.45671,0.432696,0.00198196,6.61522e-07,1.86584e-09,9.16363e-10,2.43715e-09,7.34496e-09,2.33872e-08,7.74796e-08,2.62046e-07,8.90193e-07,3.02001e-06,1.02253e-05,3.45095e-05,0.000116164,0.000392585,0.00135876,0.00500329,0.0198316,0.0754352,0.224661,0.458194,0.669595,0.820349,0.94135,1.04472,1.13695,1.2195,1.30964,1.43611,1.61405,2.09642,1.66496,0.65301,0.0539698,-0.00348487,0,8.24798e-06,1.60422,4.94219,2.35997,0.129675,4.43424e-32,4.57013e-83,7.90003e-169,7.90505e-320,0,0,0,0,0,0,0,0
9.45902,3.01537,2.40909,0.413334,2.45473,7.80708,5.00346,0.442898,3.83455e-06,9.48892e-09,3.7395e-09,9.81831e-09,2.98e-08,9.54384e-08,3.1727e-07,1.07376e-06,3.64637e-06,1.23681e-05,4.18585e-05,0.000141193,0.000475269,0.00160919,0.00560662,0.0209208,0.0834487,0.308296,0.863683,1.69627,2.47348,3.04719,3.4995,3.88642,4.22927,4.54038,4.89049,5.33313,6.17708,7.38149,5.4665,2.48671,0.372008,0.242285,1.73558,1.45778,0.480293,2.35997,2.5601,0.857662,0.017477,1.89565e-34,1.30972e-87,2.7135e-176,0,0,0,0,0,0,0,0
3.15301,2.85553,7.42528,3.56323,0.619185,4.97084,8.22362,3.96468,0.248536,1.86585e-09,9.16366e-10,2.43715e-09,7.34496e-09,2.33872e-08,7.74796e-08,2.62046e-07,8.90193e-07,3.02001e-06,1.02253e-05,3.45095e-05,0.000116164,0.000392585,0.00135876,0.00500329,0.0198316,0.0754352,0.224661,0.458194,0.669595,0.820349,0.94135,1.04472,1.13695,1.2195,1.30964,1.43611,1.57822,1.33395,-0.0278512,0.100684,0.497971,4.11487,6.23076,5.11607,1.1952,0.129677,0.857662,0.436611,0.109708,0.0013458,3.53699e-37,1.62488e-91,2.86573e-184,0,0,0,0,0,0,0
2.68678e-17,0.413334,3.56323,3.94705,1.56961,0.50264,3.9627,4.89995,2.16481,0.12289,3.82864e-07,1.73207e-33,-5.53169e-71,-2.57237e-70,-1.22099e-69,-5.97099e-69,-2.94676e-68,-1.3139e-67,-2.27896e-67,7.54868e-66,2.0385e-64,4.71074e-63,1.54578e-61,1.16545e-59,2.43051e-57,7.99122e-55,2.09682e-52,3.96103e-50,5.97156e-48,6.15301e-46,4.04423e-44,2.03316e-42,1.34639e-40,-1.48578e-35,1.30712e-09,8.27969e-09,-0.211444,-0.728871,-0.643989,0.750673,3.56616,8.17339,4.32342,1.45779,0.205101,1.73856e-05,0.0174778,0.109708,0.0410329,0.00798425,2.40763e-05,3.10471e-40,3.88819e-96,1.33804e-194,0,0,0,0,0,0
5.80692e-62,4.29703e-25,0.19802,1.56961,1.44443,0.415471,0.248535,2.16481,2.39726,0.939221,1.29958,0.222972,3.49677e-28,1.77794e-67,1.34132e-120,3.9381e-207,0,0,0,2.1057e-314,2.63953e-288,1.86715e-262,2.15782e-235,4.32469e-210,1.26182e-187,2.02101e-168,6.97791e-154,2.97222e-143,9.05066e-135,1.11954e-127,-3.36834e-100,-1.58308e-57,-1.7708e-26,-5.71274e-06,-3.32886e-05,-5.68977e-06,-0.0362916,0.0678871,2.29036,3.23236,3.7178,3.44638,0.444003,2.68084e-06,1.73856e-05,1.62049e-05,1.24074e-05,0.00134722,0.0555114,0.278775,0.0476694,3.25735e-07,1.57467e-43,5.65565e-101,-8.23208e-199,0,0,0,0,0
1.89915e-122,2.54027e-64,7.12457e-26,0.0712834,0.415471,0.0712858,0.0398451,0.355117,0.756087,1.42246,4.3189,3.74856,0.420179,5.91854e-24,3.93286e-55,1.70506e-102,2.37241e-187,0,0,0,0,0,0,0,0,0,0,0,-1.8878e-171,-1.94875e-94,-2.60579e-51,-2.99674e-21,-0.179661,-1.04718,-0.179761,-3.32886e-05,0.44011,4.19367,5.44545,2.47396,0.978336,0.147305,1.09589e-13,6.1632e-28,7.16376e-07,1.24074e-05,-0.0002958,-0.00186393,0.276711,0.937079,0.894334,0.105913,5.16155e-09,2.55738e-46,2.95172e-104,-2.30342e-192,0,0,0,0
1.45883e-220,2.32233e-125,4.39815e-71,1.90695e-32,1.37937e-07,8.03959e-07,0.23223,0.671875,0.0876054,0.198158,3.74856,8.01636,5.05102,0.446439,5.50799e-14,1.01348e-40,6.36443e-84,1.39292e-150,1.23804e-252,0,0,0,0,0,0,0,0,-9.35034e-172,-1.55583e-93,-4.68883e-49,-7.81052e-20,-0.29646,-2.77504,-3.4379,-1.04718,0.373624,4.74282,8.34849,4.19367,0.27941,3.73768e-10,2.75707e-22,1.05107e-37,4.85639e-66,1.20468e-36,1.41239e-06,-0.00186393,-0.133748,-0.70116,0.766171,2.06215,1.56577,0.162733,1.90249e-10,6.64833e-48,-8.08653e-104,-1.82257e-190,0,0,0
0,3.27955e-241,8.22493e-152,2.49307e-88,4.98946e-45,5.07632e-18,0.0398443,0.0876054,-0.406864,-0.219439,0.407343,5.05102,8.67216,5.20084,0.446224,6.00814e-05,1.01358e-30,2.28858e-70,5.77174e-124,1.95284e-208,0,0,0,0,0,0,-3.00875e-165,-6.84075e-90,-1.19928e-46,-2.4847e-18,-0.326576,-3.63132,-5.68992,-2.77504,0.149773,4.09776,7.30257,4.74282,0.44011,2.47865e-19,3.49671e-43,4.34469e-63,5.33657e-92,-1.31246e-147,-9.23897e-73,-8.4314e-30,-0.000321212,-0.748687,-2.41544,-1.65899,1.3911,3.17918,2.27639,0.227833,2.11837e-11,4.3385e-48,2.03015e-103,1.40386e-194,0,0
0,0,0,-2.24907e-186,-3.89309e-100,-1.125e-51,-2.65863e-20,-0.0248136,-0.219439,-0.249271,-0.0748808,0.446427,5.20078,8.31565,3.31698,1.78556,0.293831,3.19496e-26,8.76057e-61,3.84949e-108,2.04321e-186,0,0,0,-2.83202e-266,-5.02333e-148,-5.23828e-80,-6.96547e-40,-1.96202e-14,-0.207991,-3.11568,-6.21473,-3.51197,0.40317,2.06291,6.13792,4.09776,0.37363,2.00741e-24,5.56358e-57,-7.35712e-97,1.15984e-130,0,0,-1.58397e-138,-2.90178e-64,-4.45967e-24,-0.128133,-1.7649,-3.17927,-0.837076,2.27952,4.44559,3.07136,0.29913,1.0881e-11,4.48222e-45,1.90439e-93,2.1143e-168,0
0,0,0,0,-1.93503e-183,-1.1457e-99,-7.94165e-53,-8.62485e-22,-0.0128363,-0.0748808,-0.0130329,-0.152827,-0.444485,2.86939,3.44604,6.10777,4.3318,0.446439,5.17616e-19,6.31458e-43,4.62146e-77,7.03039e-124,9.11682e-193,-8.37934e-179,-3.00775e-110,-7.15385e-64,-5.16151e-30,-7.01278e-08,-0.103074,-1.81301,-4.06643,-2.89149,1.67575,2.33448,1.09546,1.94356,0.329435,1.34795e-27,1.96069e-65,3.02531e-116,5.87913e-178,0,0,0,-2.24615e-297,-2.41558e-118,-1.2268e-55,-8.51936e-21,-0.174677,-0.999809,-0.07986,0.479101,3.11134,5.84506,3.99823,0.386857,2.67963e-10,4.07768e-38,2.30711e-82,3.63076e-159
0,0,0,0,0,-1.06599e-183,-2.54057e-104,-3.18115e-58,-1.77974e-26,-1.12459e-05,-6.55463e-05,-0.89037,-2.87845,-2.0264,0.609999,4.68782,8.64657,5.20407,0.446439,5.4209e-08,4.41955e-27,4.54466e-52,1.83957e-88,-3.7496e-97,-2.86634e-54,-3.57958e-23,-0.0242811,-0.141521,-0.625037,-2.01025,-1.38842,3.57345,4.46412,2.00636,0.14282,0.00402729,3.81221e-31,1.66399e-73,1.20987e-130,1.09219e-217,0,0,0,0,0,-9.63245e-193,-3.56979e-99,-1.59292e-50,-2.36703e-19,0.00313649,0.251268,0.719604,0.634153,4.01573,7.44888,4.5013,0.385445,1.25227e-07,1.26269e-35,1.19809e-86
0,0,0,0,0,0,-5.84612e-202,-4.46215e-122,-1.50518e-70,-2.71148e-35,-4.03698e-11,-0.152761,-2.09903,-3.98763,-2.40873,0.337784,5.22126,8.69898,5.64622,3.02348,0.442151,4.68924e-13,4.28887e-29,-2.9035e-49,-2.15228e-20,-0.313754,-1.97021,-0.738317,-0.244594,-0.154322,4.97364,8.09477,3.78144,0.2242,1.77099e-07,1.89824e-36,4.84357e-83,5.14923e-154,2.91157e-251,0,0,0,0,0,0,0,-3.80505e-166,-1.11713e-91,-1.57446e-47,-1.90666e-18,0.0399742,0.335023,0.346083,0.488894,4.5013,7.47177,4.25919,0.345318,2.16474e-09,7.68255e-45
0,0,0,0,0,0,0,-6.50026e-269,-1.62183e-152,-1.08679e-87,-1.09279e-44,-1.48208e-15,-0.207375,-2.42592,-3.89587,-1.4315,0.409678,5.20407,11.0147,11.8586,5.53714,1.45432,0.172924,4.04108e-16,-0.378309,-4.03364,-5.88867,-1.97021,0.422158,5.20404,8.67704,5.07672,0.424594,1.1794e-12,1.65455e-42,6.28988e-92,-7.89292e-173,0,0,0,0,0,0,0,0,0,2.04769e-263,4.34418e-145,-1.34381e-88,-2.69208e-46,-3.70067e-18,0.0175067,0.102036,0.0175067,0.385444,4.25919,6.68854,3.55795,0.265131,2.69271e-18
5.86401e-95,2.72592e-95,3.58288e-95,2.85934e-94,1.2222e-92,1.46315e-90,3.85391e-88,1.64082e-85,1.11674e-82,2.02532e-78,5.18114e-72,-9.66548e-48,-2.09886e-17,-0.208846,-1.4315,-0.852749,-0.355637,-0.340199,3.98846,8.86264,10.7816,8.67414,4.05635,0.101389,-4.21604,-7.27363,-3.95354,0.564546,5.08035,8.66401,5.20404,0.446433,1.28284e-17,1.55265e-48,2.08401e-98,-2.33895e-175,0,0,0,0,0,0,0,6.20158e-313,7.98258e-194,6.34474e-141,8.12246e-101,6.75015e-61,4.6353e-35,4.93576e-20,8.88156e-11,0.00063081,0.111771,0.653554,0.241578,0.368219,3.55795,5.16959,2.64325,0.228267
6.73554e-18,1.24719e-18,5.05671e-19,8.3461e-19,1.94572e-18,5.81449e-18,2.43323e-17,1.51282e-16,1.25654e-15,1.4291e-14,3.88507e-13,3.72603e-11,1.95306e-09,4.10438e-08,-0.0367594,-0.219744,-0.513018,-0.520566,-0.760585,-0.0358186,5.18066,12.2235,12.8095,0.973283,-6.4116,-4.04074,1.48812,6.17651,8.48581,5.00025,0.446439,7.85352e-22,9.53694e-55,2.00244e-104,1.52449e-100,5.71953e-97,1.3353e-93,2.35981e-90,6.48009e-87,9.2028e-83,9.09982e-77,1.23114e-63,1.40426e-51,2.15153e-45,2.08094e-44,5.93313e-44,6.30845e-36,2.01069e-21,7.307e-08,0.0109598,0.123936,0.472,1.32826,2.14455,1.03219,0.133481,0.265131,2.64703,3.59658,1.44475
0,0,0,0,0,0,0,5.55112e-16,6.10623e-15,7.04992e-14,2.10387e-12,2.11714e-10,1.0801e-08,2.10424e-07,6.51728e-06,0.00538849,1.75821,4.6349,-0.431661,-4.85328,-1.42657,5.15307,9.73387,2.32986,-1.61871,3.04887,6.23676,8.59273,4.68081,0.411469,1.10768e-24,4.44574e-40,2.4634e-38,1.11588e-36,3.89437e-35,1.09519e-33,2.59037e-32,5.27889e-31,1.15682e-29,3.95031e-28,3.33214e-26,1.64973e-23,3.8036e-19,7.82123e-15,2.93087e-13,5.58811e-11,9.43016e-07,0.000346769,0.0291778,0.241002,0.675674,1.75844,2.34815,1.30906,0.2516,0.0157925,-0.0414052,0.203337,1.30532,0.941782
0,0,0,0,0,0,0,0,0,1.33227e-14,3.84137e-13,3.72591e-11,1.95306e-09,4.10438e-08,1.20538e-06,0.00112198,0.329075,1.84255,-0.160216,-1.5613,-0.381468,0.361092,2.22847,0.574506,3.80982,10.4105,7.80409,4.98782,2.53161,2.2185,2.18976,2.25399,2.28512,2.31993,2.35167,2.38122,2.41038,2.43938,2.46909,2.49921,2.52968,2.55991,2.58985,2.61897,2.64954,2.68036,2.69394,2.72676,3.01848,3.08521,3.54155,3.15997,3.54229,2.6027,2.78765,2.4908,1.07221,1.0294,0.495713,1.18714
0,0,0,0,0,0,0,0,0,0,0,0,0,0,0,0,0,0,0,0,0,0,0,1.12,6.10019,12.5031,10.6387,8.16179,7.99685,8.22089,8.19517,8.3704,8.51174,8.63427,8.75388,8.86428,8.97278,9.0811,9.19154,9.3037,9.41689,9.5295,9.64061,9.74982,9.86408,9.97272,10.0215,10.2254,10.3909,9.85779,10.6519,9.99855,10.2786,9.58476,10.1928,8.95758,5.003,3.52488,1.00064,0.35761
0,0,0,0,0,0,0,0,0,0,0,0,0,0,0,0,0,0,0,0,0,0,0,0.232852,1.84527,3.48683,3.18394,2.56087,2.60977,2.68827,2.65344,2.73127,2.76899,2.81117,2.84963,2.88543,2.92077,2.95591,2.99192,3.02841,3.06533,3.10196,3.13824,3.17353,3.21057,3.24792,3.26437,3.30172,3.45839,3.01735,3.56102,3.13217,3.45963,3.01164,3.37584,3.0684,1.44976,1.29295,0.19751,0
